no,Why Brent Spiner Called His Time As Star Trek's Data A 'Double-Edged Sword' - /Film
no,Complemar Appoints Brent Dorfman President & CEO - EIN News
no,Columbus police arrest suspect for homicide by vehicle in Macon Road accident - Columbus Ledger-Enquirer
no,Brazil's Petrobras smashes all-time profit record amid Brent bonanza - Reuters
no,Playgroup marks 50th anniversary - Kent Online
no,‘He kissed me on the forehead’: Tigers recruit Naden sets record straight on THAT Dufty dust-up - Fox Sports
no,Oklahoma football: Brent Venables knows championship formula - Stormin' in Norman
no,Legal Aid Service of Broward County Names Brent Thompson as Executive Director and Promotes Debra Koprowski and Carol A. O'Callaghan to Deputy Executive Directors - PR Newswire
yes,Oil prices slip on plans to release crude from stocks; Brent reaches $102.40/bbl - Business Today
no,Brent students tackle environmental issues at school - Brent and Kilburn Times
no,"Travel disruptions in Haringey, Brent and Camden this week - Hampstead Highgate Express"
no,Brent Knoll Community Shop announces plans for fundraising and social events - Burnham-On-Sea
no,MAFS: Ella Ding and Brent Vitiello caught out after denying romance rumours - Daily Mail
no,Repair project on Brent Spence Bridge wins national honor - WDRB
no,"Bill Meltzer - Quick Hits: Brent Flahr on Prospects & Draft, Craig Button on Flyers, Frost - Hockeybuzz.com"
no,Gladstone Park will NOT be renamed after Diane Abbott - Brent and Kilburn Times
no,Creative pros Adam Ferrier and Brent Smart launch new marketing podcast 'Black T-Shirts' - Campaign Brief
yes,Column: Brent bulls get a boost from EU sanctions on Russia - Reuters
no,Roger Brent Boling | Obituaries | messenger-inquirer.com - messenger-inquirer
no,Brent Council approves 150-place special school - Brent and Kilburn Times
no,Brent Pry excited to lead the charge for Virginia Tech on the recruiting trail - 247Sports
no,"New Mexico report says Brent Sullivan, 12, died of accidental overdose - Carlsbad Current Argus"
no,8 Habits That Successful Leaders Practice In Order To Build A Lasting Legacy - YourTango
no,Toyota bZ SDN Patent Images Preview EV Sedan For China - CarScoops
yes,"BRENT Analysis: Saudi Arabia Rejects Biden Request, Eyes on Nord Stream - Yahoo Finance UK"
no,Minnesota Twins Player Preview: Can Brent Rooker step up in 2022? - Puckett's Pond
no,"Roundup: Chris Laws sues Ella Campbell, Brent Renaud, Michael Pell - Mediaweek"
no,"Goats, idols, amulets, and unexpected popularity - Top Five, Baby! | Brent Sullivan's Survivor 42 Episodes 6-7 recap/ analysis - The True Dork Times"
no,Swimming World January 2022 Presents - Q&A with Sarasota Sharks Coach Brent Arckey - Swimming World Magazine
no,Brent Venables was the perfect hire for Oklahoma football - Sooners Wire
no,NOTICE OF PUBLIC HEARING BZ-2022-013 | Legals | auburnvillager.com - Auburn Villager
no,"Q&A: UCF transfer QB Dillon Gabriel on choosing Oklahoma, Brent Venables’ ‘infectious’ energy and the importance of fit - The Athletic"
no,"HBO’s ‘Staircase’: Who is Brent Wolgamott, aka ‘Brad from Raleigh’? - Raleigh News & Observer"
no,"Remembering journalist Brent Renaud: 'People trusted him, and that was his talent' - GBH News"
no,No more alarm clocks for 650 CKOM morning host Brent Loucks | 650 CKOM - CKOM News Talk Sports
no,Brent Getz: Ex-Pennsylvania police chief gets up to 32 years in prison for child sexual assault - MEAWW
no,"Brent Zobell Obituary (2022) - Orem, UT - Legacy.com"
no,"Brent Smith interview: Iron Maiden, chocolate cake, and being terrified on stage - Louder"
no,Brent Venables reportedly targeting Alabama assistant for same job at Oklahoma - Saturday Down South
yes,Russia invasion of Ukraine pushes Brent oil past $100 a barrel for first time since 2014 - Fortune
no,Mastodon: Brent Hinds’ and Bill Kelliher’s Catharsis and Redemption - Premier Guitar
no,Oklahoma receives an 'A-' from Athlon Sports for the hiring of Brent Venables - Sooners Wire
no,'No justice': Protesters march downtown after Brent Hankison found not guilty - WLKY Louisville
no,Brent Loucks ends 40-year run on Saskatoon morning radio - CKOM News Talk Sports
no,"Covington, state nearing Brent Spence deal, includes stormwater fix, project liaison, street improvements - User-generated content"
no,Defenseman Brent Johnson's progression a good sign for UND - The Rink Live
no,‘I’m not an anarchist’: Ex-NRL star doubles down on bizarre court rant in Insta post - Fox Sports
no,Xbox Video Game ‘Grounded’ In The Works As Animated Series From ‘Star Wars: Clone Wars’ Brent Friedman - Deadline
no,"Murrey math lines: Brent, S&P 500 - FXStreet"
no,"Paul Finebaum Reveals True Feelings On Brent Venables, Oklahoma - The Spun"
no,Iditarod 2022 Trail Report: Brent Sass battled snowstorm to win Iditarod - Alaska's News Source
yes,Brent Oil to remain elevated in the near-term before dipping below $95 in 2023 – Danske Bank - FXStreet
no,"Carolina Hurricanes fans have a lot to learn about ‘New Guy’ on defense, Brent Burns - Raleigh News & Observer"
no,VIDEO: Day 3 Recap: Mal O'Brien and Brent Fikowski Granite Games Champs - Morning Chalk Up
yes,Brent oil price achieves intraday gains – Analysis - 27-06-2022 - Economies.com
no,"After Life review — it's David Brent playing a ballad, but this time not even for laughs - The Times"
no,Hear Mastodon's Brent Hinds Join High on Fire's Matt Pike on Old-Timey Blues Song - Revolver Magazine
yes,Midday update for Brent oil 20-07-2022 - Economies.com
no,Married At First Sight fans shocked after Brent accuses Tamara of foul-mouthed tirade - Daily Mail
no,Brent Barrett's Home Planet: Matariki a wonderful time to be real about our connection with nature - Manawatu Guardian
yes,"Oil Prices for Jan. 05, 2022: Brent Crude, WTI - Bloomberg"
no,Watch: Brent Celek Made Eagles Players Wary of Signing High-Profile Free Agent - Sports Illustrated
no,Brent Harvey enters the Australian Football Hall of Fame - North Melbourne Football Club
no,WATCH: Brent Indest introduced as new head football coach at Lakeshore - WGNO New Orleans
no,OU football: How Brent Venables' vision transformed into the SOUL Mission - Oklahoman.com
no,The larger reason why OU boosters support Brent Venables more than Lincoln Riley - Trojans Wire
no,Rebels' Brent Sutter remembers former Isles teammate and legend Mike Bossy - rdnewsnow.com
no,Paul Brent art studio opening in Downtown Panama City - WJHG
no,Sene Naoupu joins host Brent Pope on latest Stronger With Sport - Extra.ie
no,"Bloodied and Bandaged Man Charged with Murdering One Cop, Wounding Another in West Virginia Shootout - Law & Crime"
no,MAFS: Brent Vitiello on rumours he and Tamara Djordjevic have 'couple-swapped' - Daily Mail
no,‘Why would he want to sign?’: Roos great’s shock claim amid No.1 pick’s social media act - Fox Sports
no,Brent Smart steps into CMO role at Telstra - CMO
no,London elections 2022: The full list of Brent Council candidates revealed - My London
no,"Brent, Hackney and Islington EV spending shown by Halfords - Brent and Kilburn Times"
yes,Brent Bulls Get a Boost from EU Sanctions on Russia - Offshore Engineer
no,"Join Brent Toderian, internationally renowned city planner, for a conversation about our growing city - University of Guelph News"
yes,Brent Crude Oil Price Prediction: Irrational Proposal by G7 - InvestingCube
no,Local elections: Labour wins in Brent - Brent and Kilburn Times
yes,Oil price drop: Brent crude dips as European Union braces for vote on Russia oil ban - Express
no,"Every Character Brent Spiner Has Played In Star Trek, Ranked - Screen Rant"
no,"Ty Brent Purkhiser, of Cassopolis - Leader Publications - Leader Publications"
no,Brent Eastwood: Tū Manawa Active Aotearoa fund supporting Northlanders - Northern Advocate
no,Controversial Brent plaque missing - Brent and Kilburn Times
no,Baker Mayfield declares Oklahoma 'back' under coach Brent Venables - 247Sports
no,Karnataka: B Z Zameer Ahmed Khan Met the Hon. Chief Minister Basavaraj S Bommai & urged more funds allocations for minority welfare among the state in the forthcoming budget & also discussed – Hijab controversy and demanded to resolve the issue at th - Social News XYZ
no,Toyota Launches First bZ Series Vehicle With All-Electric bZ4X SUV - HotCars
no,Brent Knoll farm diversifies into luxury glamping holiday site - Burnham-On-Sea
no,Brent Naden to link up with the Tigers - Bulldogs
no,Brent Spence Bridge project: Latest on new Ohio River crossing - The Cincinnati Enquirer
