no,Crude Oil Collapsed Below $100PPB - Has The Fed Broken Inflation? (Technical Analysis) - Seeking Alpha
no,Oil Companies Oppose Windfall Tax in Britain Despie Record Profits - The New York Times
no,Baidu Nord will produce more oil than expected: groups decry valuation - Vaughan Today
no,We're adding to one of our oil stocks. Recent declines do not reflect fundamentals - CNBC
no,"Yen Bearishness Persists on Rising Yields, Loonie Strong on BoC and Oil - Action Forex"
no,Zero Export Levies Give Second Wind for Palm Oil Producers - Jakarta Globe
no,How Biden's symbolic gas tax cut will impact oil markets - Business Insider
no,"Analysis | Sorry, But for You, Oil Trades at $250 a Barrel - The Washington Post"
no,Video: New Details on How Big Oil Sowed Climate Change Doubt - PBS
no,"High Oil and Gas Costs May Be Forever, Top Banker Warns - Newsweek"
no,Ukraine Urges Commodity Traders to Stop Buying Russian Oil - Bloomberg
no,CHINA/NIGER : Niger-Benin pipeline: CNPC and oil minister meeting ends with plenty still to talk about - 31/05/2022 - Africa Intelligence
no,Russian oil sale to India complicates Biden’s efforts - Al Jazeera English
no,"Tire fire in Cottonport contaminated nearby ponds with oil, with cleanup being done by hand - The Advocate"
no,"Swiss Re cuts fossil fuel cover for oil, gas to protect climate - Reuters.com"
no,"PDC Gains OK to Expand Colorado Oil, Natural Gas Drilling Program - Natural Gas Intelligence"
no,MotoAmerica: Activities On Hold Due To Oil Cleanup At Rainy Road America - RoadracingWorld.com
no,Falcon Oil & Gas Ltd. - Granting of stock options - GlobeNewswire
no,"100-Plus Environmental Groups Urge Agriculture Secretary to Block Oil Train Railway Through Utah, Colorado - Center for Biological Diversity"
no,Consumers Prop Up Canadian Economy Despite Drag From Oil Exports - Bloomberg
no,Former Wyoming family escapes Montana flooding in river rescue - Oil City News
no,"A California Water Board Assures the Public that Oil Wastewater Is Safe for Irrigation, But Experts Say the Evidence Is Scant - InsideClimate News"
no,Westwood Sees Five Good Years Ahead for Offshore Oil and Gas - The Maritime Executive
no,Opinion | America’s Oil and Gas Boom Didn’t Deliver True Energy Security - The New York Times
no,"Opinion: Whale Ears, Shell Oil, and the Hidden Toll of Seismic Surveys - Undark Magazine"
no,Trump: Ruble Will Remain Strong Due To Expensive Russian Oil - teleSUR English
no,'A very scary concept': Energy ministers fearful of oil prices surpassing $100 a barrel - CNBC
no,"Zacks.com featured highlights Cheniere Energy, Nutrien, Imperial Oil, ON Semiconductor and Silgan Holding - Yahoo Finance"
no,More oil supply could stop massive price spikes. But US producers won't fill that gap - CNN
no,Oil slides 2% on rising U.S. fuel stocks and output - SaltWire NS
no,Cooking oil thefts leave business owner frustrated and worried - WRGB
no,"US official: G7 leaders set to pursue price cap on Moscow's oil revenues, raise new tariffs on Russian goods - ABC News"
no,Oil prices to remain high over coming quarters: Emirates NBD - Gulf Times
no,Quarterly non-oil export to Iraq drops 22% year on year - Tehran Times
no,LSSU Begins Great Lakes Oil Monitoring Program - keweenawreport.com
no,Iran’s non-oil exports up 40% in Q1: TPOI chief - Mehr News Agency - English Version
no,"Banks have to stop financing oil expansion. If they don’t, their net-zero commitments are greenwash. - MarketWatch"
no,COLUMN-Recession would make tough oil sanctions on Russia more likely: Kemp - Nasdaq
no,Crude Oil Price Update – Holding Earlier Gains after Saudis Raise Official Selling Price - Yahoo Finance
no,Analysis | House Democrats probe PR industry's role in advertising for Big Oil - The Washington Post
no,"Japanese Yen Dives on Rising Rates and Oil Prices, USD/JPY Bullish - DailyFX"
no,Malaysian government to retain original cooking oil subsidy - asianews.network
no,"After Ukraine, how will the world replace Russia’s oil products? - The Guardian"
no,Throw out Deloitte’s factually deficient claims - Dram Oil to High Court - Myjoyonline
no,Libya says oil exports resumed after monthslong hiatus - ABC News
no,$125 Oil Could Push The U.S. Into A Recession - OilPrice.com
no,"Iraq not likely to increase oil exports, backs OPEC cuts as a success: finance minister - S&P Global"
no,Court Resolves Oil and Gas Drilling Disputes - Court News Ohio
no,U.S. says more than half of states will seek oil well cleanup funds - Reuters
no,Heritage Oil names new CEO - Oil & Gas Journal
no,"Opinion | Ditch the Oil, and the Petro-Dictators Too - The New York Times"
no,Drilling legacy left Pa. full of possibly harmful old oil and gas wells. There's new hope for cleanup to get a jump-start | StateImpact Pennsylvania - NPR
no,Iran deal with oil sanctions relief not a sure bet despite latest US waiver: analysts - S&P Global
no,Marathon Oil (MRO) Dips More Than Broader Markets: What You Should Know - Nasdaq
no,Germany to Stop Russian Oil Imports Regardless of EU Sanctions - Bloomberg
no,Filings buzz in oil and gas industry: 24% increase in digitalization mentions in Q2 of 2022 - Offshore Technology
no,EU seeks oil deal with Azerbaijan as euro drops below dollar amid soaring inflation - Fox Business
no,Candidate Questionnaire: Bob Ide for Senate District 29 - Oil City News
no,How Much Does the Price of Oil Impact Inflation? - GOBankingRates
no,Turning the Titanic by Differentiating Oil and Gas Climate Footprints - Rocky Mountain Institute
no,"Equinor Announces New Barents Sea Oil Discovery, Reaches FID on Group of Gas and Condensate Wells - Society of Petroleum Engineers"
no,"With world in energy shock, Saudi oil cushion gets very thin - Hellenic Shipping News Worldwide"
no,TC Energy's Keystone oil pipeline operating at reduced rates for third day - Reuters
no,Budd Pocketing Big Oil Money Then Voting Against Lowering Gas Prices - North Carolina Democratic Party
no,Drone Attacks And Invasion Fears Send Oil Prices Soaring - OilPrice.com
no,Four North Sea oil producers join forces in carbon storage scheme - Reuters
no,Top U.S. oil states vie for carbon capture oversight to speed up permits - Reuters
no,"HOUSE BILL PRIORITIZING ORPHANED GAS, OIL WELLS MOVES ON TO SENATE - wccsradio.com"
no,Oil Price Warning: Why Crude Could Rise Further and Stay High: UBS - Business Insider
no,"Stock Market This Week: US Fed Meet, Inflation, Oil Prices, Other Factors to Watch Out For - News18"
no,Should You Invest in the iShares U.S. Oil & Gas Exploration & Production ETF (IEO)? - Nasdaq
no,Africa's Richest Man Is Betting $21 Billion on Oil and Fertilizer - Bloomberg
no,Aramco $80bn oil shares shift bolsters vast Saudi wealth fund's green firepower: Moody's - Recharge
no,"Oil falls on Ukraine peace hopes, U.S. Treasury yields rise - Reuters"
no,"In Speedy Meeting, OPEC Promises More Oil—But Can It Deliver? - Forbes"
no,Occidental's Vicki Hollub - the woman driving one of America’s top oil companies - World Economic Forum
no,Co-Founder And Former CEO Of Foreign Oil Company Sentenced To 60 Months In Prison For Failure To File Tax Returns Causing Over $20 Million In Losses To The U.S. Treasury - Department of Justice
no,Recession would make tough oil sanctions on Russia more likely - DAWN.com
no,U.S. oil rig count falls even as prices rally to decade-highs -Baker Hughes - Reuters
no,"Brazil oil, gas and power watch - BNamericas English"
no,Oil Refinery Market Report 2022-2032 - Yahoo Finance
no,One Planet: Why are California farmers irrigating crops with oil wastewater? - KALW
no,Why high oil prices aren't creating an economic boom in Canada - CBC News
no,"Nigeria partners Philippines on oil, natural gas — Ambassador - Vanguard"
no,BP Vs. Exxon Mobil: Which Oil Stock Is The Better Buy? - Seeking Alpha
no,Just Stop Oil eco zealots risk ten years in prison after targeting Van Gogh's Peach Trees In Blossom - Daily Mail
no,Less Pain? OPEC+ Increases Oil Production - Muscle Cars and Trucks
no,US E&Ps Likely to Report Reserve Additions Given Oil Price Rise - Fitch Ratings
no,Aker BP plans more oil and gas drilling after record Q4 profit - Reuters
no,Oil rises 2% as no immediate Saudi output boost expected - Reuters.com
